period,order_count,total_sales,avg_order_value,std_order_value,total_quantity,avg_quantity,unique_customers,avg_delivery_time,std_delivery_time,avg_rating,date,day_of_week,month,week_of_year,cat_sales_Baby Care,cat_sales_Cold Drinks & Juices,cat_sales_Dairy & Breakfast,cat_sales_Fruits & Vegetables,cat_sales_Grocery & Staples,cat_sales_Household Care,cat_sales_Instant & Frozen Food,cat_sales_Personal Care,cat_sales_Pet Care,cat_sales_Pharmacy,cat_sales_Snacks & Munchies,seg_sales_Inactive,seg_sales_New,seg_sales_Premium,seg_sales_Regular,delivery_On_Time,delivery_Significantly_Delayed,delivery_Slightly_Delayed,sentiment_Negative,sentiment_Neutral,sentiment_Positive,payment_Card,payment_Cash,payment_UPI,payment_Wallet,total_sales_lag_1,total_sales_lag_2,total_sales_lag_4,total_sales_lag_8,total_sales_ma_2,total_sales_std_2,total_sales_min_2,total_sales_max_2,total_sales_ma_4,total_sales_std_4,total_sales_min_4,total_sales_max_4,total_sales_ma_8,total_sales_std_8,total_sales_min_8,total_sales_max_8,total_sales_mom_growth,total_sales_yoy_growth
2023-03-13,29,60674.33,2092.218275862069,1004.861304289122,56,1.9310344827586208,29,3.6551724137931036,7.247047980626149,3.2413793103448274,2023-03-13,0,2023-03-13,11,9773.73,7133.84,9070.7,6115.04,616.45,1697.37,5225.29,1809.72,10355.06,4595.62,4281.51,6218.4,18262.93,21893.59,14299.41,22.0,2.0,5.0,8.0,14.0,7.0,20486.91,11977.57,10522.81,17687.04,0.0,0.0,0.0,0.0,0.0,0.0,0.0,0.0,0.0,0.0,0.0,0.0,0.0,0.0,0.0,0.0,0.0,0.0
2023-03-20,52,121729.4,2340.95,1263.331319286511,92,1.7692307692307692,52,5.3076923076923075,9.270527750145305,3.3846153846153846,2023-03-20,0,2023-03-20,12,0.0,10649.51,12415.16,13139.05,10175.130000000001,9662.99,15108.3,8126.9400000000005,23368.88,15451.14,3632.3,28529.420000000002,43912.57,35170.63,14116.78,32.0,5.0,15.0,16.0,15.0,21.0,35024.24,40334.48,17630.93,28739.75,60674.33,0.0,0.0,0.0,91201.86499999999,43172.454022819344,60674.33,121729.4,0.0,0.0,0.0,0.0,0.0,0.0,0.0,0.0,1.0062751413983473,0.0
2023-03-27,54,124700.57,2309.269814814815,1265.027098126481,112,2.074074074074074,54,4.12962962962963,7.485952369545609,3.611111111111111,2023-03-27,0,2023-03-27,13,6190.02,9840.4,18739.15,13137.8,4336.57,12521.66,7894.63,8787.56,21390.67,10149.69,11712.42,34689.33,39899.68,24345.07,25766.49,37.0,3.0,14.0,15.0,20.0,19.0,29198.27,42072.05,22894.66,30535.59,121729.4,60674.33,0.0,0.0,123214.985,2100.934455058343,121729.4,124700.57,0.0,0.0,0.0,0.0,0.0,0.0,0.0,0.0,0.024407990181501082,0.0
2023-04-03,60,144800.38,2413.3396666666667,1138.6763650775965,127,2.1166666666666667,60,3.4833333333333334,7.6235399639485655,3.2,2023-04-03,0,2023-04-03,14,6865.46,12356.18,23269.7,18620.71,14370.06,9306.12,8369.689999999999,17765.05,15496.46,10392.880000000001,7988.07,41182.2,21148.28,48876.09,33593.81,46.0,5.0,9.0,23.0,17.0,20.0,33596.9,37636.52,35632.92,37934.04,124700.57,121729.4,0.0,0.0,134750.475,14212.711951561256,124700.57,144800.38,112976.17,36342.55265434998,60674.33,144800.38,0.0,0.0,0.0,0.0,0.16118458800950153,0.0
2023-04-10,63,130769.15,2075.7007936507935,1167.0654657471803,131,2.0793650793650795,63,4.174603174603175,7.999071886767062,3.3333333333333335,2023-04-10,0,2023-04-10,15,14491.02,4040.69,5851.54,23084.4,14397.289999999999,7987.950000000001,22379.95,11847.51,7584.11,10202.83,8901.86,30443.9,35432.61,24157.7,40734.94,41.0,5.0,17.0,21.0,22.0,20.0,31254.81,47392.45,17548.77,34573.12,144800.38,124700.57,60674.33,0.0,137784.765,9921.577881388246,130769.15,144800.38,130499.875,10249.066989882569,121729.4,144800.38,0.0,0.0,0.0,0.0,-0.096900505371602,0.0
2023-04-17,46,111417.47,2422.118913043478,1345.0309563198878,89,1.934782608695652,46,6.521739130434782,9.003059061439513,3.5,2023-04-17,0,2023-04-17,16,11986.89,3213.54,4231.57,7309.110000000001,8607.25,19279.4,9070.53,9687.25,10210.79,12650.62,15170.52,28096.05,35424.42,22421.98,25475.02,29.0,7.0,10.0,16.0,16.0,14.0,35146.42,29508.7,20837.47,25924.88,130769.15,144800.38,121729.4,0.0,121093.31,13683.704155352061,111417.47,130769.15,127921.8925,13853.556658447878,111417.47,144800.38,0.0,0.0,0.0,0.0,-0.14798352669570758,0.0
2023-04-24,54,133132.43,2465.41537037037,1315.2779472619593,103,1.9074074074074074,54,4.574074074074074,7.9232208332071625,3.2222222222222223,2023-04-24,0,2023-04-24,17,13024.43,22636.07,14983.44,22688.4,6617.990000000001,0.0,11299.02,12795.94,7015.57,4946.58,17124.989999999998,38763.44,29812.690000000002,26597.56,37958.74,35.0,4.0,15.0,22.0,15.0,17.0,27334.86,42209.16,27610.63,35977.78,111417.47,130769.15,124700.57,0.0,122274.95,15354.795469194612,111417.47,133132.43,130029.8575,13841.505372026033,111417.47,144800.38,0.0,0.0,0.0,0.0,0.19489726341838476,0.0
2023-05-01,68,152280.58,2239.420294117647,1586.7346561883517,145,2.1323529411764706,66,4.411764705882353,7.6221109899955115,3.0294117647058822,2023-05-01,0,2023-05-01,18,5349.67,9618.06,29209.58,10956.71,18286.84,9304.06,17683.92,16348.29,17339.95,6903.91,11279.59,27193.760000000002,37900.51,39687.81,47498.5,47.0,6.0,15.0,29.0,22.0,17.0,40132.25,41439.33,45856.06,24852.94,133132.43,111417.47,144800.38,0.0,142706.505,13539.786712177303,133132.43,152280.58,131899.9075,16710.274102384596,111417.47,152280.58,122438.03874999999,28071.996376589777,60674.33,152280.58,0.14382784119541725,0.0
2023-05-08,68,153282.3,2254.151470588235,1488.1079383157667,137,2.014705882352941,68,3.4558823529411766,7.242976677453249,3.3970588235294117,2023-05-08,0,2023-05-08,19,3809.9700000000003,13365.85,20967.510000000002,11827.189999999999,14428.65,16052.949999999999,14324.0,14185.22,5892.6,23470.28,14958.08,40923.07,31817.54,42481.35,38060.34,51.0,4.0,13.0,20.0,27.0,21.0,60343.72,19148.1,35886.23,37904.25,152280.58,133132.43,130769.15,60674.33,152781.44,708.323004853659,152280.58,153282.3,137528.19499999998,19722.384892131242,111417.47,153282.3,134014.035,15027.793698126736,111417.47,153282.3,0.006578120466838255,0.0
2023-05-15,66,142646.7,2161.3136363636368,1405.835114819807,129,1.9545454545454546,66,3.9545454545454546,7.315803374953362,3.227272727272727,2023-05-15,0,2023-05-15,20,8926.65,10571.380000000001,9868.81,19901.87,18666.61,21539.56,4601.650000000001,6956.23,3539.02,17941.58,20133.34,11629.48,39610.83,44974.18,46432.21,47.0,4.0,15.0,27.0,17.0,22.0,43354.71,40350.43,18385.33,40556.229999999996,153282.3,152280.58,111417.47,121729.4,147964.5,7520.504881987888,142646.7,153282.3,145335.5025,9443.34561673412,133132.43,153282.3,136628.6975,14391.272414914505,111417.47,153282.3,-0.06938570206736183,0.0
2023-05-22,55,124064.94,2255.726181818182,1147.619492351032,115,2.090909090909091,53,5.927272727272728,8.742943282388216,3.3454545454545452,2023-05-22,0,2023-05-22,21,10684.93,11067.939999999999,14320.89,14867.980000000001,9817.79,16722.96,5598.959999999999,2136.83,11920.34,17474.42,9451.9,21703.37,34918.92,28514.11,38928.54,32.0,7.0,16.0,20.0,20.0,15.0,40820.74,20170.37,27494.36,35579.47,142646.7,153282.3,133132.43,124700.57,133355.82,13139.288502380967,124064.94,142646.7,143068.63,13546.184410039594,124064.94,153282.3,136549.24375,14468.084707468524,111417.47,153282.3,-0.13026421221100815,0.0
2023-05-29,39,79426.8,2036.5846153846155,1193.6177926368182,75,1.9230769230769231,39,3.7948717948717947,7.438093584201628,3.6666666666666665,2023-05-29,0,2023-05-29,22,6384.74,8661.21,7148.7,3012.36,18244.78,3262.4,8453.76,2845.05,9178.93,7262.37,4972.5,7430.99,39437.55,13152.58,19405.68,30.0,3.0,6.0,8.0,12.0,19.0,23193.95,19741.38,22463.35,14028.12,124064.94,142646.7,152280.58,144800.38,101745.87,31563.93149355436,79426.8,124064.94,124855.18500000001,32603.688564775923,79426.8,153282.3,128377.54625,24278.025149214347,79426.8,153282.3,-0.3597965710538368,0.0
2023-06-05,67,145121.68,2165.9952238805968,1316.0163844141684,126,1.8805970149253732,66,2.7761194029850746,7.006103173840406,3.5074626865671643,2023-06-05,0,2023-06-05,23,3301.42,17312.23,15413.330000000002,11832.31,15797.83,12533.13,20131.01,10096.94,14776.51,9905.16,14021.810000000001,25112.28,45122.05,31617.01,43270.340000000004,52.0,4.0,11.0,16.0,30.0,21.0,30141.36,34637.9,43256.88,37085.54,79426.8,124064.94,153282.3,130769.15,112274.23999999999,46453.29513723644,79426.8,145121.68,122815.03000000001,30413.717008133033,79426.8,145121.68,130171.6125,24999.58397621549,79426.8,153282.3,0.8271122593381577,1.3918134736716499
2023-06-12,55,119987.69,2181.5943636363636,1203.5340931048822,110,2.0,55,4.490909090909091,7.4133831115253415,3.1454545454545455,2023-06-12,0,2023-06-12,24,9815.89,12395.7,21732.56,6105.110000000001,10470.34,9842.539999999999,6521.969999999999,18868.61,10252.74,7396.12,6586.110000000001,28131.96,32147.04,28138.28,31570.41,38.0,5.0,12.0,20.0,23.0,12.0,26020.33,27161.52,27725.84,39080.0,145121.68,79426.8,142646.7,111417.47,132554.685,17772.41476727489,119987.69,145121.68,117150.27750000001,27454.954499410338,79426.8,145121.68,131242.88999999998,24253.62336879232,79426.8,153282.3,-0.17319252368081728,-0.014308047193200557
2023-06-19,49,107440.44,2192.6620408163267,1144.1813562524728,96,1.9591836734693877,49,2.4693877551020407,6.42619003510999,3.0816326530612246,2023-06-19,0,2023-06-19,25,8756.08,5596.61,15218.42,6122.66,4822.6900000000005,9589.3,873.51,14944.779999999999,7050.6,27880.17,6585.62,20939.57,30760.35,24134.86,31605.66,41.0,4.0,4.0,18.0,13.0,18.0,24348.88,33767.98,21883.739999999998,27439.84,119987.69,145121.68,124064.94,133132.43,113714.065,8872.245560242709,107440.44,119987.69,112994.15250000001,27317.2623470891,79426.8,145121.68,128031.39125,25629.626262331334,79426.8,153282.3,-0.10457114392318079,-0.1384125990763314
2023-06-26,60,136783.67,2279.7278333333334,1504.4312912949626,118,1.9666666666666666,60,4.516666666666667,8.774948291250741,3.3,2023-06-26,0,2023-06-26,26,9408.77,11019.18,6650.94,28654.03,17172.93,18460.27,1532.1799999999998,10081.68,9345.39,11306.21,13152.09,36760.51,45090.44,21433.22,33499.5,41.0,5.0,14.0,20.0,19.0,21.0,50272.59,26909.6,32090.3,27511.18,107440.44,119987.69,79426.8,152280.58,122112.05500000001,20748.796914916507,107440.44,136783.67,127333.37,16886.087186333803,107440.44,145121.68,126094.27750000001,24073.411970377347,79426.8,153282.3,0.27311159559659304,-0.05536387404508192
2023-07-03,61,126906.06,2080.427213114754,1259.3903618604932,110,1.8032786885245902,60,3.4754098360655736,7.08191724835643,3.360655737704918,2023-07-03,0,2023-07-03,27,11256.01,17052.69,10374.82,19427.79,5837.93,6894.34,8696.18,4674.94,12973.26,8389.220000000001,21328.88,20080.64,41807.62,33783.54,31234.260000000002,46.0,4.0,11.0,19.0,20.0,22.0,33194.74,41540.65,26804.370000000003,25366.3,136783.67,107440.44,145121.68,153282.3,131844.865,6984.525012916104,126906.06,136783.67,122779.465,12331.886035494881,107440.44,136783.67,122797.2475,21484.91602453136,79426.8,145121.68,-0.07221337166929365,-0.029541294716681987
2023-07-10,46,116596.71,2534.7110869565217,1309.1596777818597,95,2.0652173913043477,46,2.5869565217391304,6.263034716871232,3.5217391304347827,2023-07-10,0,2023-07-10,28,7622.33,8949.060000000001,16039.8,2478.9500000000003,2514.4,22726.87,3741.9700000000003,18130.53,14755.76,12358.56,7278.48,47638.58,13823.810000000001,27877.05,27257.27,36.0,1.0,9.0,11.0,19.0,16.0,24677.81,30756.91,30181.1,30980.89,126906.06,136783.67,119987.69,142646.7,121751.38500000001,7289.81129462536,116596.71,126906.06,121931.72,12698.871406239232,107440.44,136783.67,119540.99875000001,19967.230187170924,79426.8,145121.68,-0.08123607336009009,0.04648499019049712
2023-07-17,49,108711.78,2218.6077551020408,1139.8392154840403,98,2.0,49,4.3061224489795915,8.042087419820007,3.36734693877551,2023-07-17,0,2023-07-17,29,13225.470000000001,6848.25,15184.050000000001,4491.01,10535.38,8973.48,10815.83,3718.5299999999997,8112.7699999999995,12710.66,14096.35,31436.19,24777.87,26970.19,25527.53,32.0,4.0,13.0,13.0,20.0,16.0,32326.09,22462.62,18933.100000000002,34989.97,116596.71,126906.06,107440.44,124064.94,112654.245,5575.487472180769,108711.78,116596.71,122249.55500000001,12222.241286453987,108711.78,136783.67,117621.85375,20206.69253873927,79426.8,145121.68,-0.06762566456635022,-0.18343126464378356
2023-07-24,60,140920.68,2348.678,1286.4985870851951,114,1.9,60,5.05,7.665518214153915,3.3333333333333335,2023-07-24,0,2023-07-24,30,13948.56,2609.0,29895.260000000002,12179.15,20731.98,12768.86,5249.61,12399.560000000001,17171.15,12205.24,1762.3100000000002,23979.52,44039.41,44478.61,28423.14,38.0,4.0,18.0,21.0,20.0,19.0,17582.600000000002,29341.989999999998,45265.83,48730.26,108711.78,116596.71,136783.67,79426.8,124816.22999999998,22775.13160455935,108711.78,140920.68,123283.80750000001,13919.306055383115,108711.78,140920.68,125308.58875000001,14488.709779226076,107440.44,145121.68,0.296277919467421,-0.07459848130339397
2023-07-31,57,123993.89,2175.331403508772,1424.2565924499984,113,1.9824561403508771,57,3.807017543859649,8.292506506503386,3.3859649122807016,2023-07-31,0,2023-07-31,31,14347.47,10149.17,25004.08,3876.76,1597.3999999999999,23152.64,967.96,17196.45,6431.610000000001,11022.9,10247.45,29829.75,32634.36,31491.469999999998,30038.31,41.0,4.0,12.0,16.0,21.0,20.0,25415.49,37531.03,26104.829999999998,34942.54,140920.68,108711.78,126906.06,145121.68,132457.28499999997,11969.047992720652,123993.89,140920.68,122555.76500000001,13741.719490249397,108711.78,140920.68,122667.615,12087.956737439139,107440.44,140920.68,-0.12011572751422994,-0.19107496429789994
2023-08-07,65,158150.69,2433.0875384615383,1502.6483096405893,121,1.8615384615384616,64,3.230769230769231,7.149670514194235,3.4153846153846152,2023-08-07,0,2023-08-07,32,13486.28,5453.47,8393.9,16784.77,14207.66,11365.29,14527.81,11623.54,21645.03,15690.58,24972.36,25353.12,56116.73,30666.31,46014.53,50.0,3.0,12.0,18.0,25.0,22.0,34483.13,34497.76,47030.37,42139.43,123993.89,140920.68,116596.71,119987.69,141072.28999999998,24152.504903632733,123993.89,158150.69,132944.26,21340.95904943197,108711.78,158150.69,127437.98999999999,17290.15276693811,107440.44,158150.69,0.2754716381589448,0.1086880383492923
2023-08-14,70,152187.53,2174.107571428571,1260.040448860108,151,2.157142857142857,69,4.385714285714286,8.013200806391982,3.257142857142857,2023-08-14,0,2023-08-14,33,3416.22,20119.39,12652.52,25978.64,6155.51,25796.62,7357.26,13127.64,13405.07,13038.81,11139.85,28333.48,42895.59,38847.0,42111.46,47.0,8.0,15.0,22.0,27.0,21.0,31825.04,25980.95,49667.85,44713.689999999995,158150.69,123993.89,108711.78,107440.44,155169.11,4216.590873301308,152187.53,158150.69,143813.1975,15020.705079716563,123993.89,158150.69,133031.37625,17133.90809061707,108711.78,158150.69,-0.03770555790809382,0.22667636803757762
2023-08-21,71,150943.95,2125.9711267605635,1406.8569859061715,148,2.084507042253521,70,3.9859154929577465,6.785473891749468,2.9577464788732395,2023-08-21,0,2023-08-21,34,114.52,10780.11,28527.440000000002,23080.440000000002,16542.75,12633.79,14371.119999999999,16881.239999999998,11022.1,14517.87,2472.5699999999997,36012.61,36483.35,38932.95,39515.04,46.0,4.0,21.0,30.0,19.0,22.0,23056.44,47118.23,46510.14,34259.14,152187.53,158150.69,140920.68,136783.67,151565.74,879.343850951835,150943.95,152187.53,146319.015,15212.157765317112,123993.89,158150.69,134801.41125,18270.632344820053,108711.78,158150.69,-0.00817136594568546,0.9004158545981962
2023-08-28,44,88050.5,2001.1477272727273,1378.7989912371472,94,2.1363636363636362,44,3.5,6.949987451887617,3.272727272727273,2023-08-28,0,2023-08-28,35,0.0,10939.05,12677.91,10993.439999999999,8180.52,6513.219999999999,12538.0,12475.47,8124.67,5608.22,0.0,18720.699999999997,29959.370000000003,11239.26,28131.17,34.0,3.0,7.0,15.0,17.0,12.0,28714.55,17159.32,23073.72,19102.91,150943.95,152187.53,123993.89,126906.06,119497.22499999998,44472.38498721705,88050.5,150943.95,137333.1675,33005.333127123915,88050.5,158150.69,129944.46625000001,24701.94861439475,88050.5,158150.69,-0.41666757760082473,-0.3932643282519882
2023-09-04,83,194686.84,2345.624578313253,1431.3063764705043,166,2.0,81,4.301204819277109,7.729788656687173,3.4216867469879517,2023-09-04,0,2023-09-04,36,18462.37,11202.810000000001,24932.68,13749.31,11089.76,6839.61,15388.57,34199.87,6201.33,33140.63,19479.9,35189.55,52618.29,40528.14,66350.86,58.0,7.0,18.0,28.0,22.0,33.0,45023.74,53752.98,46314.01,49596.11,88050.5,150943.95,158150.69,116596.71,141368.66999999998,75403.27913491431,88050.5,194686.84,146467.20500000002,43933.31304940437,88050.5,194686.84,139705.73249999998,32781.65355562153,88050.5,194686.84,1.2110815952209242,0.6225567806164114
2023-09-11,53,103845.32,1959.3456603773586,1277.2498016057625,114,2.150943396226415,52,2.0,7.439499569605058,3.0943396226415096,2023-09-11,0,2023-09-11,37,7740.29,3611.43,11281.52,15506.61,10107.48,11794.33,11564.0,7936.05,10286.04,9349.81,4667.76,16679.68,31776.27,20653.52,34735.85,42.0,4.0,7.0,21.0,16.0,16.0,31473.4,16051.36,24112.62,32207.94,194686.84,88050.5,152187.53,108711.78,149266.07999999996,64234.65480529342,103845.32,194686.84,134381.6525,48270.310517672144,88050.5,194686.84,139097.42500000002,33476.73276826972,88050.5,194686.84,-0.4666032896727893,-0.03346151598038871
2023-09-18,57,135463.71,2376.5563157894735,1133.608244139406,115,2.017543859649123,57,4.315789473684211,7.844829723037885,3.3508771929824563,2023-09-18,0,2023-09-18,38,5952.09,16076.41,16694.739999999998,5698.02,33254.020000000004,14695.15,7856.38,8594.11,11162.55,8515.9,6964.34,41326.55,32136.07,32246.65,29754.44,39.0,6.0,12.0,24.0,17.0,16.0,55361.59,22515.100000000002,18563.44,39023.58,103845.32,194686.84,150943.95,140920.68,119654.51499999997,22357.577979200876,103845.32,135463.71,130511.5925,47106.334764225605,88050.5,194686.84,138415.30375,33489.86791036442,88050.5,194686.84,0.30447583001333123,-0.009649982340728447
2023-09-25,61,126346.0,2071.245901639344,1178.4180448018394,122,2.0,60,4.409836065573771,8.18204752121034,3.360655737704918,2023-09-25,0,2023-09-25,39,13779.27,14767.039999999999,13164.27,11702.8,7332.99,11095.08,4570.38,3688.24,15343.91,17494.52,13407.5,35110.84,26862.38,43529.74,20843.04,44.0,7.0,10.0,22.0,20.0,19.0,36097.97,27891.87,39873.52,22482.64,135463.71,103845.32,88050.5,123993.89,130904.85499999997,6447.194569892523,126346.0,135463.71,140085.4675,38750.44851042746,103845.32,194686.84,138709.3175,33355.22690749887,88050.5,194686.84,-0.06730739915509465,-0.004413185627226923
2023-10-02,64,129712.18000000001,2026.7528125000001,1385.1741278007153,134,2.09375,64,2.953125,9.152031065236153,3.609375,2023-10-02,0,2023-10-02,40,12686.919999999998,556.35,19753.92,12739.8,9345.64,13439.85,9886.33,13233.4,1662.23,15315.630000000001,21092.11,24676.49,37159.85,37088.450000000004,30787.39,51.0,8.0,5.0,17.0,19.0,28.0,30881.59,38749.08,25020.149999999998,35061.36,126346.0,135463.71,194686.84,158150.69,128029.08999999997,2380.248704694717,126346.0,129712.18000000001,123841.8025,13852.32090569269,103845.32,135463.71,135154.50375,32491.50668468782,88050.5,194686.84,0.026642552989410095,0.11248576396366583
2023-10-09,67,165149.55,2464.918656716418,1338.452276660118,141,2.1044776119402986,65,4.746268656716418,8.510854537414737,3.044776119402985,2023-10-09,0,2023-10-09,41,16923.11,10400.52,18404.92,31085.79,9580.6,13920.74,7363.400000000001,15572.810000000001,18203.989999999998,16827.260000000002,6866.41,59656.68,20257.77,58273.73,26961.37,45.0,8.0,14.0,26.0,25.0,16.0,40959.37,41559.49,34406.97,48223.72,129712.18000000001,126346.0,103845.32,152187.53,147430.86499999996,25058.00463441683,129712.18000000001,165149.55,139167.86,17725.489373597877,126346.0,165149.55,136774.75625,33760.634552017604,88050.5,194686.84,0.27320001868752786,0.5191504545321584
2023-10-16,47,106017.79,2255.697659574468,1401.9503528953992,101,2.148936170212766,46,4.276595744680851,9.520463378518961,3.3617021276595747,2023-10-16,0,2023-10-16,42,7421.889999999999,8850.6,25019.85,9191.01,3394.38,5399.28,5967.62,9712.1,19133.32,8282.75,3644.99,16874.15,26178.829999999998,27552.75,35412.06,34.0,5.0,8.0,14.0,22.0,11.0,28154.55,29268.07,20215.52,28379.65,165149.55,129712.18000000001,135463.71,150943.95,135583.66999999995,41812.468479495474,106017.79,165149.55,131806.38,24569.763146473313,106017.79,165149.55,131158.98625,34787.91468582895,88050.5,194686.84,-0.3580497797299478,-0.24767755875149056
2023-10-23,57,144234.44,2530.4287719298245,1421.1408238781644,121,2.1228070175438596,57,4.2105263157894735,8.04615445438126,3.4035087719298245,2023-10-23,0,2023-10-23,43,17591.010000000002,12578.580000000002,18259.51,11655.01,7670.67,22762.63,11459.36,3423.19,24651.05,9004.119999999999,5179.3099999999995,25215.42,61771.340000000004,29335.22,27912.46,41.0,6.0,10.0,20.0,19.0,18.0,28967.99,25324.0,56148.61,33793.84,106017.79,165149.55,126346.0,88050.5,125126.11499999996,27023.25236923288,106017.79,144234.44,136278.49,24870.74343770336,106017.79,165149.55,138181.97875,30212.200875240298,103845.32,194686.84,0.3604739355536464,0.1632382853703518
2023-10-30,69,142322.21,2062.640724637681,1213.0520576098645,144,2.0869565217391304,68,4.695652173913044,8.835597033368,3.318840579710145,2023-10-30,0,2023-10-30,44,18096.12,8678.39,20859.16,13090.56,4487.78,4975.139999999999,7873.01,13558.89,16089.89,22414.72,12198.55,46514.69,27703.09,30847.63,37256.8,51.0,8.0,10.0,19.0,27.0,23.0,32018.93,32626.82,55443.86,22232.6,144234.44,106017.79,129712.18000000001,194686.84,143278.32499999995,1352.1508001900945,142322.21,144234.44,139430.9975,24558.220264670843,106017.79,165149.55,131636.4,20252.071966743864,103845.32,165149.55,-0.013257790580391227,-0.10008479887125377
2023-11-06,46,99069.43,2153.683260869565,1445.997660818846,106,2.3043478260869565,46,5.239130434782608,8.246709195817836,3.652173913043478,2023-11-06,0,2023-11-06,45,6227.21,3309.6,5227.72,8283.98,11436.77,18448.68,8474.119999999999,7320.53,2099.01,13529.69,14712.119999999999,22227.29,20699.79,21845.059999999998,34297.29,27.0,6.0,13.0,7.0,19.0,20.0,35746.92,21709.02,26605.42,15008.07,142322.21,144234.44,165149.55,103845.32,120695.81999999996,30584.33404316989,99069.43,142322.21,122910.9675,23701.513111068598,99069.43,144234.44,131039.41374999999,21234.867551055864,99069.43,165149.55,-0.30390745056586743,-0.3490305677475678
2023-11-13,66,141703.96,2147.029696969697,1397.1637474265442,135,2.0454545454545454,66,6.454545454545454,8.518182937659917,3.409090909090909,2023-11-13,0,2023-11-13,46,8371.19,283.96,25106.45,5798.82,28938.23,13050.11,6659.94,19541.54,9040.18,7287.66,17625.879999999997,34942.02,23140.98,41627.75,41993.21,36.0,11.0,19.0,22.0,26.0,18.0,37681.770000000004,32839.68,43248.96,27933.55,99069.43,142322.21,106017.79,135463.71,120386.69499999996,30147.165275701307,99069.43,141703.96,131832.51,21868.597043887647,99069.43,144234.44,131819.445,21533.123185253156,99069.43,165149.55,0.43035000807009793,-0.061214709168535886
2023-11-20,63,139854.63,2219.914761904762,1355.926788029617,130,2.0634920634920637,61,5.936507936507937,9.421788433531413,3.492063492063492,2023-11-20,0,2023-11-20,47,8765.52,13133.32,18702.43,12650.470000000001,16690.41,16747.93,9252.49,7492.42,4783.71,8300.21,23335.72,42390.66,25985.14,37451.13,34027.7,40.0,9.0,14.0,17.0,28.0,18.0,31669.42,29770.55,30360.16,48054.5,141703.96,99069.43,144234.44,126346.0,140779.29499999998,1307.6737836533337,139854.63,141703.96,130737.5575,21138.09726271714,99069.43,142322.21,133508.02375,21572.214175500314,99069.43,165149.55,-0.013050658570162632,0.5883456652716339
2023-11-27,59,119338.51,2022.6866101694914,1403.5466055977133,103,1.7457627118644068,57,3.4745762711864407,7.314029815699721,3.2203389830508473,2023-11-27,0,2023-11-27,48,4768.42,12709.71,16826.710000000003,6465.63,11471.68,10528.869999999999,8198.01,7090.9400000000005,14009.2,14068.76,13200.58,29709.35,35798.37,33815.4,20015.39,46.0,6.0,7.0,23.0,20.0,16.0,26082.86,23782.989999999998,30606.55,38866.11,139854.63,141703.96,142322.21,129712.18000000001,129596.56999999998,14507.087575637031,119338.51,139854.63,124991.6325,20034.378466386806,99069.43,141703.96,132211.315,22137.357025476867,99069.43,165149.55,-0.14669603716373214,-0.38702323177057063
2023-12-04,77,161856.08,2102.0270129870128,1125.4358343151764,148,1.922077922077922,77,5.402597402597403,8.362289632724528,3.1948051948051948,2023-12-04,0,2023-12-04,49,5653.8099999999995,14855.4,16498.65,32590.63,19320.08,7647.87,7974.07,3258.81,14294.72,19266.57,20495.47,44726.15,39509.35,34834.979999999996,42785.6,47.0,9.0,21.0,28.0,29.0,20.0,36261.5,41774.7,57469.34,26350.54,119338.51,139854.63,99069.43,165149.55,140597.29499999995,30064.462066573797,119338.51,161856.08,140688.29499999998,17374.454562919804,119338.51,161856.08,131799.63124999998,21457.48930667964,99069.43,161856.08,0.3562770307757319,0.5586266188981841
2023-12-11,56,124734.18,2227.3960714285713,1408.8367967558827,116,2.0714285714285716,56,4.642857142857143,8.678978933300582,3.267857142857143,2023-12-11,0,2023-12-11,50,6320.38,9863.1,7928.56,10485.06,12631.32,5767.61,10631.97,15508.349999999999,19646.8,9473.98,16477.05,30325.98,29437.22,26582.38,38388.6,38.0,8.0,10.0,18.0,23.0,15.0,31822.57,26614.050000000003,46708.05,19589.51,161856.08,119338.51,141703.96,106017.79,143295.12999999995,26249.147220528997,124734.18,161856.08,136445.84999999998,19036.13989062028,119338.51,161856.08,134139.18,19140.07123333815,99069.43,161856.08,-0.22935128541355998,-0.07920593640909435
2023-12-18,65,168332.71,2589.734,1423.4264227612891,130,2.0,65,6.4,9.398803115290798,3.1538461538461537,2023-12-18,0,2023-12-18,51,4286.929999999999,6531.6,24601.62,16551.68,18012.78,8267.01,5458.200000000001,15783.6,11875.33,28563.68,28400.28,60138.54,22134.14,46547.229999999996,39512.8,42.0,13.0,10.0,25.0,19.0,21.0,39210.18,43842.31,32496.739999999998,52783.479999999996,124734.18,161856.08,139854.63,144234.44,146533.44499999995,30828.81621276523,124734.18,168332.71,143565.37,25096.650940284148,119338.51,168332.71,137151.46375,22548.64164420045,99069.43,168332.71,0.3495315397912586,0.33231530875532256
2023-12-25,46,107369.74,2334.1247826086956,1372.594136082378,87,1.891304347826087,45,4.413043478260869,7.68714970137833,3.608695652173913,2023-12-25,0,2023-12-25,52,4522.95,4197.03,10029.220000000001,11764.14,14841.12,1587.18,1132.33,12437.31,7139.75,24223.239999999998,15495.47,11263.75,28742.89,44338.28,23024.82,32.0,4.0,10.0,14.0,13.0,19.0,30015.58,37598.11,11939.31,27816.739999999998,168332.71,124734.18,119338.51,142322.21,137851.22499999998,43107.32948827209,107369.74,168332.71,140573.1775,29308.108588264266,107369.74,168332.71,132782.405,24688.324996245865,99069.43,168332.71,-0.3621575984845725,-0.1722462763327237
2024-01-01,62,123659.4,1994.5064516129032,1218.766091372338,127,2.0483870967741935,59,5.32258064516129,9.53642575506748,3.2903225806451615,2024-01-01,0,2024-01-01,1,11614.65,14427.43,11147.85,8013.0,11955.710000000001,6781.65,7052.74,15281.57,8338.369999999999,9969.9,19076.53,30363.120000000003,27948.77,23957.21,41390.3,43.0,10.0,9.0,17.0,28.0,17.0,35480.9,30173.670000000002,22644.0,35360.83,107369.74,168332.71,161856.08,99069.43,115514.56999999998,11518.529049223082,107369.74,123659.4,131024.00749999999,26110.425930420126,107369.74,168332.71,135856.15125,21171.662147604267,107369.74,168332.71,0.15171555784711765,-0.2512277508476408
2024-01-08,60,130452.52,2174.208666666667,1097.1814176897162,115,1.9166666666666667,60,5.05,8.767089848220998,3.3666666666666667,2024-01-08,0,2024-01-08,2,16366.29,11487.56,22036.46,7080.869999999999,20361.02,10428.56,8715.74,4375.63,16312.35,7479.0599999999995,5808.9800000000005,41162.72,29519.03,32111.57,27659.2,44.0,9.0,7.0,22.0,17.0,21.0,25697.85,38332.47,38151.14,28271.06,123659.4,107369.74,124734.18,141703.96,127055.95999999996,4803.461217413953,123659.4,130452.52,132453.5925,25806.025405564153,107369.74,168332.71,134449.72125,21101.29632915711,107369.74,168332.71,0.05493411742253329,0.2304776396489685
2024-01-15,56,111094.35,1983.8276785714286,1286.0940229674868,109,1.9464285714285714,56,6.607142857142857,8.857823601824489,3.1607142857142856,2024-01-15,0,2024-01-15,3,10281.35,3988.07,8833.69,0.0,15293.11,16960.89,3627.6299999999997,15303.279999999999,14536.32,8680.130000000001,13589.88,27638.31,22924.8,31302.47,29228.77,34.0,8.0,14.0,23.0,20.0,13.0,27713.5,29010.46,18229.82,36140.57,130452.52,123659.4,168332.71,139854.63,120773.43499999997,13688.293278361909,111094.35,130452.52,118144.0025,10765.710154938914,107369.74,130452.52,130854.68625,22455.41316162827,107369.74,168332.71,-0.1483924572710439,-0.22976544298296575
2024-01-22,61,135194.95,2216.310655737705,1361.811295522583,129,2.1147540983606556,59,3.557377049180328,6.788530990241149,3.7049180327868854,2024-01-22,0,2024-01-22,4,10663.08,6769.78,15805.43,4740.52,7183.3099999999995,20114.87,8692.449999999999,10717.15,26929.510000000002,12107.06,11471.79,44611.17,29540.989999999998,43149.23,17893.56,48.0,3.0,10.0,14.0,21.0,26.0,44755.3,38329.57,26166.91,25943.17,111094.35,130452.52,107369.74,119338.51,123144.64999999997,17041.697690664467,111094.35,135194.95,125100.305,10468.859310088681,111094.35,135194.95,132836.74125,21988.653891204554,107369.74,168332.71,0.21693812511617372,-0.05007833984590304
2024-01-29,70,149057.3,2129.39,1316.3848615536172,135,1.9285714285714286,68,4.8428571428571425,7.391016313959069,3.4857142857142858,2024-01-29,0,2024-01-29,5,5295.47,12255.369999999999,6519.46,16923.46,7141.9400000000005,29912.22,9826.07,14951.86,16602.89,21353.81,8274.75,13743.58,37091.75,43984.85,54237.119999999995,48.0,6.0,16.0,17.0,33.0,20.0,30618.3,33912.77,42139.979999999996,42386.25,135194.95,111094.35,123659.4,161856.08,142126.12499999994,9802.161688181513,135194.95,149057.3,131449.78,15699.141344585189,111094.35,149057.3,131236.89375,19946.409301351167,107369.74,168332.71,0.10253600448833322,0.5045741153451675
2024-02-05,66,142032.6,2152.009090909091,1146.413476748215,141,2.1363636363636362,63,3.803030303030303,8.36884275975652,3.409090909090909,2024-02-05,0,2024-02-05,6,6246.04,19461.94,4229.71,14110.97,27204.04,21834.41,5048.14,13176.45,15545.2,14347.8,827.9,27694.42,41517.85,44240.38,28579.95,48.0,6.0,12.0,21.0,19.0,26.0,50463.03,36649.14,39491.17,15429.26,149057.3,135194.95,130452.52,124734.18,145544.94999999995,4967.213005801599,142032.6,149057.3,134344.8,16501.17273928324,111094.35,149057.3,133399.19625,20077.96332382131,107369.74,168332.71,-0.04712751404996596,0.002319201241800295
2024-02-12,54,122841.93000000001,2274.8505555555557,1349.8083555074766,96,1.7777777777777777,54,3.5925925925925926,7.949174677745018,3.3333333333333335,2024-02-12,0,2024-02-12,7,5861.6,5728.07,10338.449999999999,5340.98,13991.28,12945.039999999999,14765.19,17840.89,15992.560000000001,9901.54,10136.33,26029.49,34908.28,35857.81,26046.350000000002,38.0,5.0,11.0,16.0,21.0,17.0,28257.6,22974.58,27556.67,44053.08,142032.6,149057.3,111094.35,168332.71,132437.26499999996,13569.852892513323,122841.93000000001,142032.6,137281.695,11166.874964006929,122841.93000000001,149057.3,127712.84875,14413.789941059431,107369.74,149057.3,-0.13511454412578516,-0.12164559728912794
2024-02-19,62,135920.99,2192.2740322580644,1433.0974733387927,129,2.0806451612903225,62,5.354838709677419,7.714361259734346,3.467741935483871,2024-02-19,0,2024-02-19,8,14453.23,9082.89,13462.489999999998,17953.66,8496.24,5188.16,11159.74,16337.56,20194.82,6380.16,13212.04,27218.06,22935.3,52718.61,33049.02,38.0,6.0,18.0,18.0,21.0,23.0,34286.3,40800.56,20005.48,40828.65,122841.93000000001,142032.6,135194.95,107369.74,129381.45999999995,9248.292017545802,122841.93000000001,135920.99,137463.205,11127.481285341777,122841.93000000001,149057.3,131281.755,11987.708930699519,111094.35,149057.3,0.10647064890628122,0.1389533018302307
2024-02-26,59,110838.6,1878.620338983051,1348.9655418491734,124,2.1016949152542375,58,5.237288135593221,8.426843363366787,3.288135593220339,2024-02-26,0,2024-02-26,9,7799.41,3301.86,22247.03,1780.9199999999998,8439.55,4305.37,2758.69,11393.28,15922.08,6461.9400000000005,26428.47,30612.08,20773.27,22110.07,37343.18,37.0,6.0,16.0,25.0,12.0,22.0,32314.63,11949.1,28984.55,37590.32,135920.99,122841.93000000001,149057.3,123659.4,123379.79499999994,17735.92805736564,110838.6,135920.99,127908.53,13913.324721064982,110838.6,142032.6,129679.155,13862.65195396925,110838.6,149057.3,-0.18453654582710133,-0.3152027406075817
2024-03-04,58,125850.64,2169.8386206896553,1224.3198538271188,116,2.0,57,3.0,7.5579631526982105,3.3448275862068964,2024-03-04,0,2024-03-04,10,6743.09,5224.85,15926.18,15760.369999999999,8672.56,14616.44,15823.86,6093.18,15649.45,10440.23,10900.43,14293.76,44502.79,17424.09,49630.0,44.0,3.0,11.0,18.0,20.0,20.0,30471.379999999997,37755.25,19769.77,37854.24,110838.6,135920.99,142032.6,130452.52,118344.61999999994,10615.11528344365,110838.6,125850.64,123863.04,10328.333439430806,110838.6,135920.99,129103.92,13921.33052763899,110838.6,149057.3,0.13544054147201412,0.008950714230854917
2024-03-11,58,129127.81,2226.341551724138,1268.6733228072596,118,2.0344827586206895,58,3.706896551724138,7.691436615950293,3.7413793103448274,2024-03-11,0,2024-03-11,11,13019.49,17975.73,7929.95,8786.03,17029.86,17811.4,8890.369999999999,11141.65,9392.08,11005.74,6145.51,30441.510000000002,27637.78,19491.92,51556.6,38.0,5.0,15.0,11.0,20.0,27.0,40561.33,37208.119999999995,29005.52,22352.84,125850.64,110838.6,122841.93000000001,111094.35,127489.22499999995,2317.309130101431,125850.64,129127.81,125434.51,10595.918720359483,110838.6,135920.99,131358.1025,11902.156796259123,110838.6,149057.3,0.026040153629731222,-0.23290125846604615
2024-03-18,46,97902.48999999999,2128.3149999999996,1440.61257492275,87,1.891304347826087,44,3.130434782608696,7.594175240573599,3.6956521739130435,2024-03-18,0,2024-03-18,12,7137.43,9834.119999999999,7749.07,8053.639999999999,16319.3,21829.46,6199.24,10635.45,5207.42,0.0,4937.36,34822.39,33071.56,18782.22,11226.32,36.0,5.0,5.0,11.0,18.0,17.0,23471.28,23817.15,28540.61,22073.45,129127.81,125850.64,135920.99,135194.95,113515.14999999994,22079.635516719885,97902.48999999999,129127.81,115929.885,14416.596425796843,97902.48999999999,129127.81,126696.545,16571.684185573104,97902.48999999999,149057.3,-0.24181715774471824,-0.08817428448648579
2024-03-25,61,134721.94,2208.556393442623,1143.977451724221,123,2.0163934426229506,60,4.262295081967213,7.148197067196414,3.1475409836065573,2024-03-25,0,2024-03-25,13,9382.02,8611.08,14814.12,20894.13,2272.72,17120.71,7933.63,15390.07,3214.05,25153.18,9936.23,39566.93,27736.72,31120.170000000002,36298.12,42.0,3.0,16.0,23.0,24.0,14.0,36149.75,35911.43,37562.659999999996,25098.1,97902.48999999999,129127.81,110838.6,149057.3,116312.21499999994,26035.28277455901,97902.48999999999,134721.94,121900.71999999999,16412.71278913386,97902.48999999999,134721.94,124904.625,14447.247882601912,97902.48999999999,142032.6,0.37608287593093914,0.08945975801273498
2024-04-01,47,113809.57,2421.4802127659577,1296.4854069929236,93,1.9787234042553192,47,4.446808510638298,9.319937746196027,3.1914893617021276,2024-04-01,0,2024-04-01,14,1179.1,2491.65,24323.899999999998,11394.79,11615.9,6749.400000000001,0.0,15394.82,23706.59,0.0,16953.42,36070.23,29938.75,30702.12,17098.47,37.0,6.0,4.0,18.0,16.0,13.0,31908.85,40794.4,6645.2,34461.12,134721.94,97902.48999999999,125850.64,142032.6,124265.75499999995,14787.278637682137,113809.57,134721.94,118890.4525,16550.42216909355,97902.48999999999,134721.94,121376.74625,13045.11999465267,97902.48999999999,135920.99,-0.15522616435006797,-0.12757860101131047
2024-04-08,59,125574.23,2128.376779661017,1232.4325062284004,120,2.0338983050847457,57,4.593220338983051,8.814405615080656,3.610169491525424,2024-04-08,0,2024-04-08,15,8820.289999999999,4039.54,6725.84,8450.54,21396.32,10696.02,15638.87,4749.35,13568.16,18244.27,13245.03,29295.88,20866.88,34330.65,41080.82,43.0,6.0,10.0,11.0,30.0,18.0,28867.879999999997,46380.35,23160.41,27165.59,113809.57,134721.94,129127.81,122841.93000000001,119691.89999999994,8318.870864354096,113809.57,125574.23,118002.0575,15900.333668493351,97902.48999999999,134721.94,121718.28374999999,13124.486456474116,97902.48999999999,135920.99,0.10337144758564665,0.13033858157503042
2024-04-15,71,160016.1,2253.747887323944,1454.5527315785482,137,1.9295774647887325,71,2.704225352112676,6.949603002427412,3.4225352112676055,2024-04-15,0,2024-04-15,16,6874.610000000001,8579.01,17106.81,7269.370000000001,10265.56,33697.37,5513.5,14921.41,16389.93,8082.31,31316.22,47924.56,53076.5,29390.87,29624.170000000002,51.0,3.0,17.0,24.0,24.0,23.0,36441.12,52440.97,30853.77,40280.24,125574.23,113809.57,97902.48999999999,135920.99,142795.16499999995,24354.079833745647,125574.23,160016.1,133530.46000000002,19622.468830441932,113809.57,160016.1,124730.17250000002,18509.453519675397,97902.48999999999,160016.1,0.27427498460472344,0.18359524523660076
2024-04-22,51,114495.67,2245.0131372549017,1236.5746238193476,102,2.0,50,3.549019607843137,7.398144971518729,3.1372549019607843,2024-04-22,0,2024-04-22,17,13832.19,1343.84,9460.14,19862.39,11455.81,9652.039999999999,3867.53,14201.67,5470.95,16767.68,8581.43,19389.38,31512.45,40423.36,23170.48,39.0,3.0,9.0,21.0,15.0,15.0,40531.96,18687.03,35610.16,19666.52,160016.1,125574.23,134721.94,110838.6,137255.88499999995,32187.804735527625,114495.67,160016.1,128473.8925,21708.308357481244,113809.57,160016.1,125187.30625,18159.20298737099,97902.48999999999,160016.1,-0.2844740622974814,-0.23186808026175165
2024-04-29,58,123528.27,2129.79775862069,1043.1823402926245,113,1.9482758620689655,57,2.9827586206896552,6.275799744410423,3.310344827586207,2024-04-29,0,2024-04-29,18,6645.33,19587.73,8038.37,12080.53,9259.11,17794.79,9357.69,7085.32,10485.58,16955.8,6238.02,25939.92,33246.4,23766.5,40575.45,46.0,2.0,10.0,19.0,20.0,19.0,27443.21,45272.85,22263.32,28548.89,114495.67,160016.1,113809.57,125850.64,119011.96999999994,6387.012711745499,114495.67,123528.27,130903.5675,19996.29549305296,114495.67,160016.1,124897.01,18165.645701506444,97902.48999999999,160016.1,0.07889031960771975,-0.13028227322459773
2024-05-06,51,97711.87,1915.919019607843,1332.2848772319753,96,1.8823529411764706,51,5.333333333333333,8.580598269740092,3.3137254901960786,2024-05-06,0,2024-05-06,19,16549.75,5825.59,3902.04,5119.69,10860.37,6517.48,9557.45,6926.42,16477.65,13659.880000000001,2315.55,34174.04,12409.94,22742.08,28385.81,34.0,6.0,11.0,17.0,13.0,21.0,28925.13,33508.26,12925.07,22353.41,123528.27,114495.67,125574.23,129127.81,110620.06999999995,18254.951505824276,97711.87,123528.27,123937.97750000001,26323.40320504848,97711.87,160016.1,120970.0175,20381.00233651697,97711.87,160016.1,-0.2089918364435931,-0.20457233128785923
2024-05-13,62,155057.73,2500.931129032258,1154.4374944564568,126,2.032258064516129,60,5.096774193548387,9.67116667385179,3.306451612903226,2024-05-13,0,2024-05-13,20,0.0,14651.9,10920.61,19957.33,18656.760000000002,20600.29,1581.63,8131.62,31210.88,17953.65,11393.06,39763.32,30091.07,46299.33,38904.01,44.0,8.0,10.0,19.0,21.0,22.0,39264.74,42477.76,36729.520000000004,36585.71,97711.87,123528.27,160016.1,97902.48999999999,126384.79999999993,40549.646478974406,97711.87,155057.73,122698.38500000001,24079.219139877263,97711.87,155057.73,128114.4225,21143.110765093083,97711.87,160016.1,0.586887345416683,0.1407931181195783
2024-05-20,60,130920.65,2182.0108333333333,1213.6816832312986,122,2.033333333333333,59,6.0,8.231810971129425,3.533333333333333,2024-05-20,0,2024-05-20,21,10571.83,11550.57,13751.95,16531.02,4489.91,12968.58,4858.860000000001,5902.889999999999,23262.21,11702.42,15330.41,25582.67,34820.21,24902.09,45615.68,35.0,9.0,16.0,21.0,14.0,25.0,30347.74,42624.23,32058.329999999998,25890.350000000002,155057.73,97711.87,114495.67,134721.94,142989.18999999994,17067.49294604237,130920.65,155057.73,126804.63,23610.04376331956,97711.87,155057.73,127639.26125,21015.733321680356,97711.87,160016.1,-0.15566511904953084,0.18118281898183475
2024-05-27,64,147997.73,2312.46453125,1505.1797198077086,108,1.6875,63,4.78125,9.615577226398079,3.421875,2024-05-27,0,2024-05-27,22,13003.98,8718.33,9615.92,12492.48,12270.32,11456.95,9249.23,18103.93,15871.02,9541.39,27674.18,37541.979999999996,39880.43,26725.170000000002,43850.15,44.0,11.0,9.0,23.0,17.0,24.0,27151.43,35544.89,57690.759999999995,27610.65,130920.65,155057.73,123528.27,113809.57,139459.18999999994,12075.319070865378,130920.65,147997.73,132921.995,25567.080618802873,97711.87,155057.73,131912.78125,21276.178609579503,97711.87,160016.1,0.13043839913718736,0.17597916069397823
2024-06-03,55,115609.74,2101.995272727273,1400.467450739553,123,2.2363636363636363,54,4.0,8.08290376865476,3.309090909090909,2024-06-03,0,2024-06-03,23,10017.029999999999,11465.32,24944.93,7536.82,13853.07,12017.56,13050.85,5257.2,9438.18,2589.5099999999998,5439.27,26228.63,36868.94,26639.74,25872.43,40.0,5.0,10.0,18.0,20.0,17.0,30532.47,29473.75,24660.59,30942.93,147997.73,130920.65,97711.87,125574.23,131803.73499999993,22901.767358002166,115609.74,147997.73,137396.4625,17709.73994859204,115609.74,155057.73,130667.22,21980.286534650648,97711.87,160016.1,-0.2188411268199857,-0.10468751851363389
2024-06-10,53,104302.18,1967.9656603773583,1205.02163912985,111,2.0943396226415096,53,3.830188679245283,7.194377743596848,3.3773584905660377,2024-06-10,0,2024-06-10,24,15884.470000000001,5597.88,8068.5599999999995,7940.97,8938.67,10799.869999999999,6777.62,4450.17,12666.41,7622.2699999999995,15555.29,27310.820000000003,18391.11,32840.62,25759.63,38.0,4.0,11.0,15.0,19.0,19.0,34845.39,31333.3,18506.62,19616.87,115609.74,147997.73,155057.73,160016.1,109955.95999999993,7995.65235467369,104302.18,115609.74,124707.57500000001,18975.285396825122,104302.18,147997.73,123702.98,20098.629803133408,97711.87,155057.73,-0.09780802205765715,0.0653680003440158
2024-06-17,70,149062.48,2129.464,1288.313763905294,134,1.9142857142857144,68,5.728571428571429,8.970032925426182,3.4857142857142858,2024-06-17,0,2024-06-17,25,7251.39,15810.03,19235.51,6244.28,6229.18,17859.4,15807.86,20804.98,19408.46,7948.74,12462.65,44617.65,38978.51,35101.99,30364.33,49.0,12.0,9.0,19.0,24.0,27.0,35745.65,43460.58,26641.23,43215.02,104302.18,115609.74,130920.65,114495.67,126682.32999999993,31650.311657944265,104302.18,149062.48,129243.0325,22748.34767141759,104302.18,149062.48,128023.83125,21503.010016409673,97711.87,155057.73,0.42914059897885193,0.10644546834762036
2024-06-24,51,113906.99,2233.470392156863,1220.6097117522222,96,1.8823529411764706,51,4.294117647058823,8.17384638379523,3.215686274509804,2024-06-24,0,2024-06-24,26,10298.8,12325.35,7883.98,13190.86,14378.64,11949.470000000001,8621.39,16583.9,6260.83,8249.93,4163.84,30991.7,35150.39,28849.84,18915.059999999998,36.0,5.0,10.0,21.0,16.0,14.0,26619.5,30065.75,23337.489999999998,33884.25,149062.48,104302.18,147997.73,123528.27,131484.73499999993,24858.68537493591,113906.99,149062.48,120720.3475,19539.471573778283,104302.18,149062.48,126821.17125,22052.405394167978,97711.87,155057.73,-0.23584398971491682,0.0008559912843884021
2024-07-01,54,117129.1,2169.0574074074075,1265.4609115604842,106,1.962962962962963,54,4.277777777777778,7.246122363593932,3.2962962962962963,2024-07-01,0,2024-07-01,27,8247.51,10738.8,5051.42,12468.8,15331.630000000001,20791.68,2217.03,18099.24,7008.040000000001,10038.0,7136.95,43287.08,27343.27,18895.93,27602.82,38.0,3.0,13.0,19.0,22.0,13.0,19383.030000000002,26834.120000000003,43221.51,27690.440000000002,113906.99,149062.48,115609.74,97711.87,115518.04499999993,2278.3758307287976,113906.99,117129.1,121100.1875,19421.41845173578,104302.18,149062.48,129248.325,19285.880508525304,104302.18,155057.73,0.028287201689729535,-0.06725209463757009
2024-07-08,75,181569.91,2420.9321333333332,1395.2429768820302,153,2.04,72,4.546666666666667,8.52546794044782,3.4266666666666667,2024-07-08,0,2024-07-08,28,6852.379999999999,5563.76,6968.06,13927.76,18925.489999999998,32319.27,8849.630000000001,16734.64,17808.4,29239.27,24381.25,16348.060000000001,40889.270000000004,54238.99,70093.59,50.0,8.0,17.0,27.0,22.0,26.0,40334.54,39354.19,42983.67,58897.51,117129.1,113906.99,104302.18,155057.73,149349.50499999995,45566.53373615396,117129.1,181569.91,140417.12,31693.39175312416,113906.99,181569.91,132562.3475,25599.04356008516,104302.18,181569.91,0.5501690869305749,0.1346977585380471
2024-07-15,63,145586.16,2310.8914285714286,1378.3215606681792,127,2.015873015873016,63,3.507936507936508,6.5398851126167585,3.1746031746031744,2024-07-15,0,2024-07-15,29,1795.79,15026.380000000001,12319.279999999999,22763.55,4289.72,10943.26,12260.54,18134.61,29605.66,3365.9700000000003,15081.4,36887.78,47901.09,24174.69,36622.6,43.0,3.0,17.0,23.0,22.0,18.0,26441.55,27139.1,40810.18,51195.33,181569.91,117129.1,149062.48,130920.65,163578.03499999995,25444.353637521624,145586.16,181569.91,139548.04,31423.816696137743,113906.99,181569.91,134395.53625,25986.856820176832,104302.18,181569.91,-0.19818124049298702,0.2715429325842629
2024-07-22,51,100029.53,1961.3633333333332,1092.1225550324775,105,2.0588235294117645,50,4.9411764705882355,8.336454317528244,3.4313725490196076,2024-07-22,0,2024-07-22,30,3321.58,7118.95,14212.44,13285.95,10300.75,20310.1,5649.29,5401.53,8580.0,1818.5,10030.44,14495.15,18561.83,23417.91,43554.64,35.0,5.0,11.0,14.0,20.0,17.0,21289.29,30445.940000000002,29642.66,18651.64,145586.16,181569.91,113906.99,147997.73,122807.84499999994,32213.402001006518,100029.53,145586.16,136078.675,35676.65894653485,100029.53,181569.91,128399.51125000001,27866.009187087977,100029.53,181569.91,-0.31291868677627055,-0.190229653503607
2024-07-29,46,104462.25,2270.9184782608695,1254.760690862281,97,2.108695652173913,46,4.391304347826087,7.646286712064345,3.217391304347826,2024-07-29,0,2024-07-29,31,7532.139999999999,9511.21,14170.54,123.74,9978.36,13810.400000000001,10935.279999999999,3197.48,10614.93,18990.5,5597.67,14620.57,15951.59,20601.47,53288.62,32.0,6.0,8.0,18.0,17.0,11.0,31366.510000000002,27578.3,28994.81,16522.63,100029.53,145586.16,117129.1,115609.74,102245.88999999994,3134.4063711005365,100029.53,104462.25,132911.9625,38379.12473220944,100029.53,181569.91,127006.07500000001,28857.982770222017,100029.53,181569.91,0.044314114042123265,0.06908454418076326
2024-08-05,63,124332.52,1973.5320634920636,1211.0164859818658,132,2.0952380952380953,61,5.444444444444445,8.657977447227644,3.5396825396825395,2024-08-05,0,2024-08-05,32,2561.94,1658.3500000000001,12325.289999999999,19301.16,3327.58,16847.1,10430.89,18453.31,17720.33,9851.0,11855.57,26932.01,33035.59,41271.89,23093.03,40.0,7.0,16.0,17.0,20.0,26.0,30505.4,31677.42,35292.05,26857.649999999998,104462.25,100029.53,181569.91,104302.18,114397.38499999995,14050.402661007563,104462.25,124332.52,118602.615,20863.46823857829,100029.53,145586.16,129509.8675,27440.87519446534,100029.53,181569.91,0.19021483837462827,-0.19815335875225315
2024-08-12,50,104256.48,2085.1295999999998,1151.9016037484296,99,1.98,50,5.04,8.831668435065867,3.22,2024-08-12,0,2024-08-12,33,10331.72,1892.3,9906.55,23809.67,8201.94,1495.21,11254.05,6104.29,6693.65,7301.46,17265.64,11769.34,37520.94,34453.86,20512.34,35.0,7.0,8.0,16.0,19.0,15.0,33908.8,13249.740000000002,34121.47,22976.47,124332.52,104462.25,145586.16,149062.48,114294.49999999994,14195.904023372315,104256.48,124332.52,108270.195,10901.333210087882,100029.53,124332.52,123909.1175,27452.53862894902,100029.53,181569.91,-0.1614705468850789,-0.20366664846225557
2024-08-19,52,125522.54,2413.895,1455.8236034555944,105,2.019230769230769,51,4.711538461538462,7.198410877086307,3.326923076923077,2024-08-19,0,2024-08-19,34,11302.289999999999,5651.56,11736.07,7990.92,20321.31,14893.289999999999,11538.279999999999,8429.52,16215.04,9987.0,7457.26,32880.83,15069.0,36240.24,41332.47,35.0,4.0,13.0,20.0,19.0,13.0,40616.840000000004,26561.02,43026.15,15318.529999999999,104256.48,124332.52,100029.53,113906.99,114889.50999999994,15037.375235119931,104256.48,125522.54,114643.4475,11885.26617166355,104256.48,125522.54,125361.06125,27153.50172795268,100029.53,181569.91,0.20397830427422825,-0.1518617211223443
2024-08-26,57,121419.93000000001,2130.174210526316,1129.431337578068,113,1.9824561403508771,56,3.6315789473684212,7.813979183277349,3.1403508771929824,2024-08-26,0,2024-08-26,35,8110.38,19150.57,19875.54,8885.91,5697.07,7462.46,8656.0,10431.62,18968.29,7825.21,6356.88,46176.74,28622.71,30406.46,16214.02,39.0,4.0,14.0,22.0,21.0,14.0,50900.6,28785.47,27590.82,14143.04,125522.54,104256.48,104462.25,117129.1,123471.23499999994,2900.983351563778,121419.93000000001,125522.54,118882.8675,9902.051314535287,104256.48,125522.54,125897.41500000001,27009.66631035377,100029.53,181569.91,-0.03268424937863734,0.05025692471931875
2024-09-02,50,106119.4,2122.388,1415.8011583235138,95,1.9,50,4.98,8.7981677127707,3.4,2024-09-02,0,2024-09-02,36,7979.49,13657.220000000001,5045.15,11087.14,8060.69,7668.96,7818.860000000001,16116.279999999999,16255.15,11705.64,724.8199999999999,23723.77,33629.97,22174.72,26590.94,35.0,8.0,7.0,15.0,19.0,16.0,26714.22,21982.55,25702.24,31720.39,121419.93000000001,125522.54,124332.52,181569.91,113769.66499999995,10819.10851874813,106119.4,121419.93000000001,114329.5875,10714.939973797796,104256.48,125522.54,116466.10125,15523.255663608674,100029.53,145586.16,-0.12601333240762047,0.017422646391475283
2024-09-09,62,129196.66,2083.8170967741935,1154.1353771026852,134,2.161290322580645,61,5.467741935483871,7.327732505353607,3.193548387096774,2024-09-09,0,2024-09-09,37,2844.99,4290.0,15172.470000000001,9019.7,11550.78,15918.33,12578.14,13873.18,9401.32,16862.7,17685.05,30156.85,27497.760000000002,37139.95,34402.1,38.0,6.0,18.0,23.0,20.0,19.0,36952.63,25480.6,39106.6,27656.83,106119.4,121419.93000000001,104256.48,145586.16,117658.02999999994,16318.087037205045,106119.4,129196.66,120564.6325,10140.496722414046,106119.4,129196.66,114417.41374999999,11755.318586475856,100029.53,129196.66,0.21746504409184375,-0.13327176630900017
2024-09-16,54,122675.36,2271.765925925926,1176.9566259036735,98,1.8148148148148149,53,4.703703703703703,6.450477910127483,3.388888888888889,2024-09-16,0,2024-09-16,38,6231.49,6771.36,11443.09,21004.51,12987.85,15137.68,5597.3099999999995,9179.34,13268.64,11825.32,9228.77,32454.66,29345.18,25036.58,35838.94,35.0,2.0,17.0,21.0,10.0,23.0,29108.579999999998,34192.4,22083.420000000002,37290.96,129196.66,106119.4,125522.54,100029.53,125936.00999999995,4611.255452151948,122675.36,129196.66,119852.83750000001,9769.625319401457,106119.4,129196.66,117248.1425,10449.818049698097,104256.48,129196.66,-0.05047576307313206,0.07697833118055342
2024-09-23,62,125774.04,2028.6135483870967,1403.066771686278,129,2.0806451612903225,62,5.32258064516129,9.397896858459461,3.3870967741935485,2024-09-23,0,2024-09-23,39,4757.9,15018.33,26198.010000000002,9690.08,5692.84,16427.55,9121.529999999999,5287.99,7056.66,12976.970000000001,13546.18,38251.15,38150.57,15465.74,33906.58,45.0,10.0,7.0,22.0,19.0,21.0,41050.0,31471.27,24715.38,28537.39,122675.36,129196.66,121419.93000000001,104462.25,124224.69999999994,2191.0976407272797,122675.36,125774.04,120941.365,10233.963525338802,106119.4,129196.66,119912.11624999999,9387.139477087087,104256.48,129196.66,0.025259188153187395,0.07380693610725242
2024-09-30,56,113408.97,2025.1601785714286,1275.2735346918412,119,2.125,56,4.214285714285714,7.255629252115618,3.267857142857143,2024-09-30,0,2024-09-30,40,8434.05,837.78,15919.1,17934.85,12536.92,19562.75,1877.6499999999999,12079.8,13427.03,2933.16,7865.88,18812.41,23847.38,37049.94,33699.24,41.0,4.0,11.0,21.0,17.0,18.0,28308.9,32469.920000000002,27970.55,24659.6,125774.04,122675.36,106119.4,124332.52,119591.50499999995,8743.424846846325,113408.97,125774.04,122763.7575,6781.442781406473,113408.97,129196.66,118546.6725,9446.572785154653,104256.48,129196.66,-0.0983117819861713,-0.375397773783112
2024-10-07,52,119416.65000000001,2296.474038461539,1273.095269315678,98,1.8846153846153846,52,5.173076923076923,8.473074201571668,3.326923076923077,2024-10-07,0,2024-10-07,41,9051.4,11418.73,14646.99,6158.26,5316.49,5574.08,12821.28,8254.02,8828.62,17431.2,19915.58,27426.22,31365.91,22807.8,37816.72,31.0,6.0,15.0,16.0,19.0,17.0,33928.04,24797.45,28950.32,31740.84,113408.97,125774.04,129196.66,104256.48,116412.80999999994,4248.071267198699,113408.97,119416.65000000001,120318.75499999999,5287.489755214491,113408.97,125774.04,120441.69374999999,7487.919571420231,106119.4,129196.66,0.052973587538975186,-0.17975273199045838
2024-10-14,55,117775.54,2141.3734545454545,1371.249892395037,116,2.109090909090909,55,4.3090909090909095,8.67280280056617,3.0545454545454547,2024-10-14,0,2024-10-14,42,9596.78,1613.11,16218.6,17148.4,3692.56,17363.23,7446.39,12165.380000000001,8718.02,3690.53,20122.54,23741.3,39271.35,31113.87,23649.02,39.0,7.0,9.0,18.0,21.0,16.0,38985.17,16947.75,33568.6,28274.02,119416.65000000001,113408.97,122675.36,125522.54,118596.09499999994,1160.440009672873,117775.54,119416.65000000001,119093.79999999999,5124.611859662951,113408.97,125774.04,119473.31875,7233.591803265689,106119.4,129196.66,-0.013742723481189767,0.17740771150279322
2024-10-21,63,139059.22,2207.2892063492063,1338.0729977957128,130,2.0634920634920637,62,5.476190476190476,9.207039983265862,3.5238095238095237,2024-10-21,0,2024-10-21,43,9876.48,15654.06,9952.67,19597.51,7497.3,13074.619999999999,1640.1399999999999,11825.84,12927.970000000001,12469.400000000001,24543.23,28020.05,28569.66,23327.6,59141.91,39.0,6.0,18.0,19.0,24.0,20.0,45274.25,27834.3,33320.090000000004,32630.58,117775.54,119416.65000000001,125774.04,121419.93000000001,128417.37999999995,15049.83445660456,117775.54,139059.22,122415.095,11382.05206377267,113408.97,139059.22,121678.23,10051.29072086209,106119.4,139059.22,0.1807139241305964,0.33119112406634943
2024-10-28,62,132307.79,2133.996612903226,1207.910587864526,122,1.967741935483871,61,5.774193548387097,8.631659899327744,3.3870967741935485,2024-10-28,0,2024-10-28,44,2678.8199999999997,13328.68,17055.26,5923.0599999999995,19553.5,3098.8599999999997,9070.76,28379.97,9970.050000000001,16370.970000000001,6877.86,39821.46,36995.48,40585.51,14905.34,39.0,9.0,14.0,19.0,28.0,15.0,32246.2,43275.72,23766.059999999998,33019.81,139059.22,117775.54,113408.97,106119.4,135683.50499999995,4773.981935706603,132307.79,139059.22,127139.80000000002,10265.10440029059,117775.54,139059.22,124951.77875,8386.89879312374,113408.97,139059.22,-0.04855075413194465,0.06414468234054937
2024-11-04,4,13820.119999999999,3455.0299999999997,2125.4727006009743,8,2.0,4,4.25,1.2583057392117918,2.75,2024-11-04,0,2024-11-04,45,0.0,4981.16,0.0,1797.17,1463.39,5578.4,0.0,0.0,0.0,0.0,0.0,7041.79,1797.17,4981.16,0.0,3.0,0.0,1.0,1.0,2.0,1.0,0.0,4981.16,3260.5600000000004,5578.4,132307.79,139059.22,119416.65000000001,129196.66,73063.95499999993,83783.4349439938,13820.119999999999,132307.79,100740.66750000001,58623.5537061577,13820.119999999999,139059.22,110529.71125000001,39929.65029982843,13820.119999999999,139059.22,-0.8955456817773164,-0.8674411413084347
